{
	"processstageslist": [
		{
			"stageid": 1,
			"posttag": "RW",
			"postdescription": "Routine Writer",
			"unitlevel": "POL",
			"purpose": "Routing of Application"
		},
		{
			"stageid": 2,
			"posttag": "SPI, PI",
			"postdescription": "Senior PI or PI of Police Station",
			"unitlevel": "POL, POL",
			"purpose": "Pocessing of Form7 Application"
		}
	],
	"notificationrcvpostslist": [
		{
			"posttag": "ACP",
			"postdescription": "ACP of Div",
			"unitlevel": "DIV",
			"purpose": "Notification of Form7 Application process completion"
		},
		{
			"posttag": "DCP",
			"postdescription": "DCP of Zone",
			"unitlevel": "ZON",
			"purpose": "Notification of Form7 Application process completion"
		}
	],
	"workflowname": "Form7 WorkFlow Definition"
}